task,codec,downscale,quality,bpp,metric,step
detection,vvenc,0,50,0.060253934758784045,0.5802474235776861,50000
detection,vvenc,0,45,0.1549889808932801,0.6761663266515007,50000
